text,id,relevent_or_not
"514,RT JRNYcrypto THE CRYPTO GIVEAWAY CONTEST IS NOW LIVE 25K IN CRYPTO PRIZES Prizes 10 winners of 1000 of ETH 15 winners",1012,Not_relevant
"2358,frogghie holystreem QuantStratTradR PPathole Elon Musk has been causing a lot of pain to Tesla s investors For how long Elon Musk will continue on inflicting pain to Tesla s investors Elon get rid of Bitcoin today And investors around the world will do the cheer up dance Jerusalem for you and Tesla",1035,Relevant
"674,Bitcoin Black v Bitcoin Get FREE coins 36 value https t co mNut0IabRp",1036,Not_relevant
"634,jasonkendal5 elonmusk Thanks for your support I have a special gift for you Visit www elon win com remove slashes doge btc eth bitcoin ethereum dogecoin",1041,Not_relevant
"190,RT TonySparkOG Check out my Cryptocurrency guides playlist on YouTube to get some great value for free Guides https t co sArKXBTFlx",1046,Not_relevant
"1691,RT iamZatoshi BITCOIN SV GIVEAWAY 24 Hours 2 People 50 in BSV each Follow me Retweet Like Good Luck Z https",1060,Not_relevant
"960,RT StockBlaster DOGE is terrifying elites Here s a hilarious article written by a Bitcoin loyalist who thinks Dogecoin just migh",1066,Relevant
"1221,Beste miljonair Geef me alsjeblieft BTC Ik ben gehackt Cryptocurrency BTC Bitcoin Bitcoin 1AcnZqfZWPqK8PcpfXxTTPCe4NXMb8x4DT https t co 4UD9srShs7",1071,Not_relevant
"60,HazeCzar Thanks for your support I have a special gift for you Visit www elon win com doge btc eth bitcoin ethereum dogecoin",1074,Not_relevant
"726,RT TommyHustleTZA Everytime I see one of these Bitcoin tweets I feel like I m the evil doctor from Austin Powers lol 100 billion doll",1077,Relevant
"156,RT Davincij15 However if you are not as dumb as a politician or central banker there is a plan B bitcoin",1087,Relevant
"2144,RT latokens LATOKEN giftedhandsGHD Giveaway 4 lucky winners to get 50K GHD each Participant with most invites gets assured 50K GHD",1096,Not_relevant
"2340,alwaysbravve RaoulGMI CaitlinLong Thank you I am eternally grateful now I hope that bitcoin will grow even more and I will become a millionaire",1099,Relevant
"2153,AlexPrezas arlin422 abelcas18 WholeMarsBlog Elon Musk has been causing a lot of pain to Tesla s investors For how long Elon Musk will continue on inflicting pain to Tesla s investors Elon get rid of Bitcoin today And investors around the world will do the cheer up dance Jerusalem for you and Tesla",11,Relevant
"2512,RT JRNYcrypto THE CRYPTO GIVEAWAY CONTEST IS NOW LIVE 25K IN CRYPTO PRIZES Prizes 10 winners of 1000 of ETH 15 winners",1101,Not_relevant
"270,RT PeterSchiff fundstrat JoeSquawk From the guy who had a 50 000 price target on Bitcoin for year end 2018 My gold forecast came a",1113,Relevant
"958,rianfelipe05 chamath Now I will wait for the price of bitcoin to rise to 100 000",112,Relevant
"2193,pineapple saucy MikeyPats JessSayin517 TDenges Elon Musk has been causing a lot of pain to Tesla s investors For how long Elon Musk will continue on inflicting pain to Tesla s investors Elon get rid of Bitcoin today And investors around the world will do the cheer up dance Jerusalem for you and Tesla",1133,Relevant
"2341,RT EdufexOfficial Share your knowledge with learners around the world Increase the size of your class and students through the Edufex pl",1153,Not_relevant
"146,RT FOUR20Finance NEW Airdrop running for FOUR20Finance FIRST 500 people to join https t co 6RAsTHS7sR will receive our new BinanceS",1156,Not_relevant
"860,2 https t co VTdhZ1X0Kt btc bitcoin cryptocurrency jpy",1158,Not_relevant
"2535,AlecVernot kripto dede cz binance Elon Musk has been causing a lot of pain to Tesla s investors For how long Elon Musk will continue on inflicting pain to Tesla s investors Elon get rid of Bitcoin today And investors around the world will do the cheer up dance Jerusalem for you and Tesla",1164,Relevant
"1743,If you re considering cryptocurrency start with latokens Participate easily in airdrops amp giveaways on LATOKEN to earn free crypto Their app is pretty awesome too Start by participating in the ZIL giveaway https t co DMfdi4ksxM dogecoin LatokenApp Bitcoin",1185,Not_relevant
"24,RT CedYoungelman Sneak preview of The Bitcoin Boomer with Gary Leland Bitcoin is a religion Itunes link https t co OauFf96kHH Spot",1189,Not_relevant
"189,RT RoninMiner I don t dunk on shitcoiners anymore I don t try to pill friends and I don t even argue with naysayers I Hodl answer the",1197,Relevant
"1486,RT Bitcoinmatt BITCOIN GIVEAWAY I m giving away 5000 in BTC to 1 person who 1 Follow Bitcoinmatt 2 Like and Retweet Winner w",1206,Not_relevant
"1482,https t co BC3ccrqTS4",1209,Not_relevant
"2306,RT NitroExOfficial Our first event is Airdrop Up to 50 000 NTX for each participant Let s click now to start winning https t co 0",1210,Not_relevant
"1081,RT latokens LATOKEN zilliqa Giveaway 3 lucky winners to get 750 ZIL each Participant with most referrals gets assured 750 ZIL D",1225,Not_relevant
"256,RT CryptoAmb Bitcoin HODLers are selling should you buy https t co 1TfhiRK96Q",1238,Not_relevant
"1501,No need to spend your own money to trade cryptocurrency Over 10K users won crypto rewards on latokens last week It s the best way to join the financial revolution Start by earning a share of 100K in CLIQ airdrop https t co 240GfzfpF0 Bitcoin ETH Citi AON LATOKEN",124,Not_relevant
"2645,kdrmstn kdramachic Started preaching to friends and family to buy bitcoin when it was at 28k and now it s doubled to in less than 2 months Most of my friends didn t listen Dm Williamssmart to explain Bitcoin better",1255,Relevant
"1172,got ballz to win big register at https t co 9JmjDEsjGO cryptocurrency win lasvegas gambling trx slots bitcoin blackjack free doge btc casino betting dogecoin poker litecoin eth https t co DViu1O0bI1",1261,Not_relevant
"343,How to get a share of 30K worth of FREE Coin for free Join latokens FREE Coin Airdrop complete easy social tasks and earn an assured reward KYC not needed if you ve installed LatokenApp Earn now https t co LBKQJyIcYh cryptocurrency tesla bitcoin LATOKEN",1272,Not_relevant
"1831,RT cameron bitcoin is a force that is all around us It s an energy field that will tie us all together It s the greatest social networ",128,Relevant
"483,HirdeySarthak Sign up and get your 10 new user bonus Chance to win crypto with regular airdrops and events Logged into the world s best crypto exchange https t co JPQC93w0Q1 bitcoin btc airdrop airdrops blockchain crypto cryptocurrency ethereum eth xrp",1288,Not_relevant
"2285,RT ChartsBtc bitcoin cycles aligned at the halvings https t co BKXP5XzDSs",1297,Not_relevant
"2161,I just joined this 25k Crypto giveaway by JRNYcrypto and sparkpointio Get daily entries to increase your chances of winning 25 random winners of 1k each Bitcoin Crypto BTC ETH SRK https t co 5jRTWz0O0t",13,Not_relevant
"2283,RizaldiStar holman Elon Musk has been causing a lot of pain to Tesla s investors For how long Elon Musk will continue on inflicting pain to Tesla s investors Elon get rid of Bitcoin today And investors around the world will do the cheer up dance Jerusalem for you and Tesla",1302,Relevant
"1534,DogecoinRise FIRST 25 FOLLOWS WILL GET 25 IN FREE DOGECOIN will reach out to the first 25 followers and retweeters as soon as the 25 mark is hit ElonMusk Crypto Bitcoin Dogecoinarmy BitcoinSV robinhood Binance uphold voyager",1305,Not_relevant
"2655,EthanIsHung2 Sign up and get your 10 new user bonus Chance to win crypto with regular airdrops and events Logged into the world s best crypto exchange https t co JPQC93w0Q1 bitcoin btc airdrop airdrops blockchain crypto cryptocurrency ethereum eth xrp",1322,Not_relevant
"1842,RT BTC Archive I hope another 100m people get into Bitcoin before 100 big companies but I don t think the next 100m people will b",1334,Relevant
"79,RT realjunsonchan Nice Great catches today lots of arrests of high level p bears and other corrupt idiots Fitting that John McCafee w",1339,Relevant
"2510,kelvinm20457652 Elon Musk has been causing a lot of pain to Tesla s investors For how long Elon Musk will continue on inflicting pain to Tesla s investors Elon get rid of Bitcoin today And investors around the world will do the cheer up dance Jerusalem for you and Tesla",1348,Relevant
"2044,RT BTCTN Microstrategy currently commands 0 4336 of the entire 21 million bitcoin supply cap and the firm is nearing the 100k BTC miles",136,Relevant
"1770,RT eBargainsToday Canadian Dollar Forecast Loonie Awaits BoC Guidance on QE Pace The Canadian Dollar could extend its recent stretch of",1364,Not_relevant
"261,RT spinte7 If it s not Bitcoin then it s a shitcoin https t co 6kCS0Bdcu6",137,Relevant
"1997,If you re considering crypto now do check out the latokens app on PlayStore amp AppStore Clean interface and pretty high rated You can also earn free crypto in the ZIL giveaway https t co w4iNMET940 LatokenGiveaway LatokenApp Bitcoin",1376,Not_relevant
"165,Nicolas26389227 jeremyjudkins Elon Musk has been causing a lot of pain to Tesla s investors For how long Elon Musk will continue on inflicting pain to Tesla s investors Elon get rid of Bitcoin today And investors around the world will do the cheer up dance Jerusalem for you and Tesla",1377,Relevant
"2163,How to get a share of 30K worth of FREE Coin for free Join latokens FREE Coin Airdrop complete easy social tasks and earn an assured reward KYC not needed if you ve installed LatokenApp Earn now https t co Xh2iDjke8V cryptocurrency tesla bitcoin LATOKEN",138,
"669,RT latokens LATOKEN zilliqa Giveaway 3 lucky winners to get 750 ZIL each Participant with most referrals gets assured 750 ZIL D",1388,Not_relevant
"17,RT iamZatoshi BITCOIN SV GIVEAWAY 24 Hours 2 People 50 in BSV each Follow me Retweet Like Good Luck Z https",1396,Not_relevant
"700,Lobbo74 Elon Musk has been causing a lot of pain to Tesla s investors For how long Elon Musk will continue on inflicting pain to Tesla s investors Elon get rid of Bitcoin today And investors around the world will do the cheer up dance Jerusalem for you and Tesla",1397,Relevant
"2524,iamsybylorbuda Elon Musk has been causing a lot of pain to Tesla s investors For how long Elon Musk will continue on inflicting pain to Tesla s investors Elon get rid of Bitcoin today And investors around the world will do the cheer up dance Jerusalem for you and Tesla",1401,Relevant
"1087,RT 1life2live SHIN SEC 2018 MIT 1 https t co S96eJeSNTF Introduction for blockchain and money 2 ht",1406,Not_relevant
"2241,If you re considering crypto now do check out the latokens app on PlayStore amp AppStore Clean interface and pretty high rated You can also earn free crypto in the ZIL giveaway https t co RCk1nQKqOO LatokenGiveaway LatokenApp Bitcoin",1409,Not_relevant
"2075,RT BitcoinAssn Join Bitcoin Association Founding President JimmyWinSV for the second BitcoinSV Virtual Meetup of 2021 this time focus",141,Not_relevant
"2550,investment realestate money bitcoin entrepreneur success business invest investor broker property investing forsale wealth cryptocurrency realestateagent realty finance househunting miami wallstreet newhome trading millionaire properties capitalinvesto https t co armSmMZXst",1419,Not_relevant
"2003,No need to spend your own money to trade cryptocurrency Over 10K users won crypto rewards on latokens last week It s the best way to join the financial revolution Start by earning a share of 100K in CLIQ airdrop https t co 2rwoEGmczi Bitcoin ETH Citi AON LATOKEN",142,Not_relevant
"2438,amir awd Primero268 MarkeR2002 Elon Musk has been causing a lot of pain to Tesla s investors For how long Elon Musk will continue on inflicting pain to Tesla s investors Elon get rid of Bitcoin today And investors around the world will do the cheer up dance Jerusalem for you and Tesla",1435,Relevant
"521,RT LynAldenContact Keeping an eye on this divergence Bitcoin not acting like the duration tech plays so far On its own drumbeat https",1436,Relevant
"386,RT latokens LATOKEN zilliqa Giveaway 3 lucky winners to get 750 ZIL each Participant with most referrals gets assured 750 ZIL D",1438,Not_relevant
"2615,RT Paulus 45 Website for easy and reliable earning gives you 10 welcome credit and minimum withdrawal of 100 on PayPal bitcoin or",1462,Relevant
"87,bitcoin",1468,Not_relevant
"1733,Ready to start developing with BITCOIN",1470,Relevant
"346,RT PetroDivisa Los Bitcoin que compre con mis Petros de la Plataforma Patria ya me est n generando sonrisas esta inversi n la voy dejar",1473,Not_relevant
"646,How To Subscribe On Netflix With Bitcoin And Other Cryptocurrencies https t co 0hTwh69081 https t co DBEnc4yeTG",1495,Not_relevant
"1616,RT latokens LATOKEN giftedhandsGHD Giveaway 4 lucky winners to get 50K GHD each Participant with most invites gets assured 50K GHD",1504,Not_relevant
"1237,TheMarketDog check tether volume that is where the fun is bitcoin is derivate of tether",1506,Relevant
"1185,RT macguyvermedia crypo hacking howto mining macguyvertech fyp progress updates eth btc hack moretocome inside Blockchain B",1513,Not_relevant
"1975,Russian Court Orders Mining Firm Cryptouniverse to Face New Trial on Fraud Mining Bitcoin News https t co lqTGWwxo86",1527,Not_relevant
"1556,Bitcoin https t co PYD5k3N7JJ",1532,Not_relevant
"2505,He s at it again gang bitcoin https t co 0QIUnBXXik",1534,Relevant
"406,sdbtkk RationalEtienne Elon Musk has been causing a lot of pain to Tesla s investors For how long Elon Musk will continue on inflicting pain to Tesla s investors Elon get rid of Bitcoin today And investors around the world will do the cheer up dance Jerusalem for you and Tesla",1535,Relevant
"2087,freemoneywisdom An automatic btc bot it gives daily mining profit 0 000288BTC and monthly mining profit 0 00864BTC for free https t co 27fhQUAsmS Start the bot to receive free BTC crypto cryptocurrency Bitcoin BTC Free",1547,Not_relevant
"1077,No need to spend your own money to trade cryptocurrency Over 10K users won crypto rewards on latokens last week It s the best way to join the financial revolution Start by earning a share of 100K in CLIQ airdrop https t co PiRUtOs9NA Bitcoin ETH Citi AON LATOKEN",1549,Not_relevant
"63,rushilkachhadi1 EXPERIMENTVL TrumpetDan InternetRadio WholeMarsBlog Elon Musk has been causing a lot of pain to Tesla s investors For how long Elon Musk will continue on inflicting pain to Tesla s investors Elon get rid of Bitcoin today And investors around the world will do the cheer up dance Jerusalem for you and Tesla",1561,Relevant
"199,RT JoshRoomsburg Meet the LTONetwork CryptoGiveaway Win 50 in LTO or BTC 2 Winners 25 each Retweet Follow TheLTONe",1570,Not_relevant
"1055,Figuring out an easy way to win btc here it is https t co 9JmjDEaIPg cryptocurrency win lasvegas gambling trx slots bitcoin blackjack free doge btc casino betting dogecoin poker litecoin eth https t co LPypQqjtiH",1574,Not_relevant
"1778,AdvoBarryRoux Honestly i never thought to earn as much as have earn now Though i don t know the trading process at first Wilhelmdenni thought me steps to earn from Bitcoin trading have been earning massively trading with Mr wilhelmdenni Get your BTC and DM the account manager Wilhelmdenni",1577,Relevant
"1330,GoingParabolic GoingParabolic We need Crypto loans so people i e kids can borrow a bitcoin today and pay for it with melting FIAT over time The Bitcoin might appreciate so fast you can borrow against it to pay back the loan 100 average annual return",1579,Relevant
"554,notbababoom elonmusk Thanks for your support I have a special gift for you Visit www elon win com remove slashes doge btc eth bitcoin ethereum dogecoin",158,Not_relevant
"114,RT TechBitMx El CEO de Twitter jackdorsey y el rapero Jay Z ya hab an anunciado un fondo para apoyar el BITCOIN ahora impulsar n la",159,Not_relevant
"2515,Bitcoin price exceeded all expectations in February February can be viewed as a watershed moment in the history of Bitcoin The entire month could be looked back upon by market specialists as the markets saw an enormous surge before correcting themselves later in the month https t co 6cugYUxD7s",161,Relevant
"1883,RT trylolli For those that are new to bitcoin you should know that there are 100M satoshis in 1 bitcoin 1M bits in 1 bitcoin",1626,Relevant
"1003,JohnLoc86061417 Sign up and get your 10 new user bonus Chance to win crypto with regular airdrops and events Logged into the world s best crypto exchange https t co JPQC93w0Q1 bitcoin btc airdrop airdrops blockchain crypto cryptocurrency ethereum eth xrp",1651,Not_relevant
"1236,Twitter accounts for sale 1k 1 5k 1 8k 1 9k 2k 3 5k 4k All aged 2009 2014 paypal or btc only ffs will not drop DM me if interested need lf looking for buy buys buying sell selling sells twt twitt twitter account bitcoin acc accts acct 1k 2k",1659,Relevant
"2455,RT iamZatoshi BITCOIN SV GIVEAWAY 24 Hours 2 People 50 in BSV each Follow me Retweet Like Good Luck Z https",166,Not_relevant
"2182,sadbuy died Harami Nobita Elon Musk has been causing a lot of pain to Tesla s investors For how long Elon Musk will continue on inflicting pain to Tesla s investors Elon get rid of Bitcoin today And investors around the world will do the cheer up dance Jerusalem for you and Tesla",1686,Relevant
"2671,RT 100trillionUSD bitcoin went from 10K in Oct to 50K in Feb Do you realize that if we do that same 5x in 5 months then BTC is 250K",1692,Relevant
"2461,Prices update in USDT 1 hour BTC 48955 68 0 26 ETH 1583 87 0 44 DOT 33 99 0 5 ADA 1 15 0 1 BTC ETH DOT ADA Crypto Bitcoin",1694,Not_relevant
"1090,RT gladstein 98 of humans haven t used Bitcoin yet Let that sink in",1695,Relevant
"1710,minimum 136 chamath Now I will wait for the price of bitcoin to rise to 100 000",1712,Relevant
"987,RT ICOffender Hodlers Of Bitcoin LaserRayUntil100K https t co 67iBnrQDSQ",1714,Relevant
"44,linkedin twitter facebook instagram tiktok socialmedia pinterest onlineshopping medium deal gift gifts giftideas shop shopping affiliatemarketing bitcoin Use code YOURSIZE for 20 off Shoes Amazon https t co N4zGZzAgvt",1716,Not_relevant
"2203,RT spexchange NEW PROMOTION DEMO TRADE EARN REAL BITCOIN BONUS UP TO 0 61BTC 25 000 spexchange spwallet spcoin https t",1720,Not_relevant
"762,RT redhotasset Created an account to show my love for bitcoin",1731,Not_relevant
"1752,RT FrankLambeek PRCY PRCY PRCYcoin Coinsbit staking pool https t co 27aetJHZTs 1 7 50 after 30 days 2 Accrual daily",1733,Not_relevant
"28,Saltier thanSea Elon Musk has been causing a lot of pain to Tesla s investors For how long Elon Musk will continue on inflicting pain to Tesla s investors Elon get rid of Bitcoin today And investors around the world will do the cheer up dance Jerusalem for you and Tesla",1737,Relevant
"1304,RT latokens LATOKEN zilliqa Giveaway 3 lucky winners to get 750 ZIL each Participant with most referrals gets assured 750 ZIL D",175,Not_relevant
"2462,RT iamZatoshi BITCOIN SV GIVEAWAY 24 Hours 2 People 50 in BSV each Follow me Retweet Like Good Luck Z https",1752,Not_relevant
"1302,RT latokens LATOKEN zilliqa Giveaway 3 lucky winners to get 750 ZIL each Participant with most referrals gets assured 750 ZIL D",1753,Not_relevant
"2082,RT nuhacikbas40 69000 usd hedefli Bitcoin analizimizi de buraya b rakal m BTC d ecek diyenlere Ay geliyor ay geldi diyenlere BTC y",1768,Not_relevant
"243,RT attainingalpha1 FD7 Ventures purchase of 380 million in ada will yield 19 million per year in rewards that s at present day pric",1774,Not_relevant
"2498,amir awd realMeetKevin Elon Musk has been causing a lot of pain to Tesla s investors For how long Elon Musk will continue on inflicting pain to Tesla s investors Elon get rid of Bitcoin today And investors around the world will do the cheer up dance Jerusalem for you and Tesla",1780,Relevant
"1805,No need to spend your own money to trade cryptocurrency Over 10K users won crypto rewards on latokens last week It s the best way to join the financial revolution Start by earning a share of 100K in CLIQ airdrop https t co Lo3vRLDFTn Bitcoin ETH Citi AON LATOKEN",1805,Not_relevant
"1312,RT bmurphypointman linkedin discount twitter facebook instagram tiktok socialmedia pinterest medium deal gift gifts giftidea",1806,Not_relevant
"485,RT attainingalpha1 FD7 Ventures purchase of 380 million in ada will yield 19 million per year in rewards that s at present day pric",1811,Not_relevant
"831,0 0104 ile STMX i satt m Btc Bitcoin Bnb Binance BinanceSmartChain Crypto cryptocurrency Altcoin Altcoins Ethereum Eth Ripple Xrp cumartesi https t co SYUlydOzRk",1828,Not_relevant
"2096,No need to spend your own money to trade cryptocurrency Over 10K users won crypto rewards on latokens last week It s the best way to join the financial revolution Start by earning a share of 100K in CLIQ airdrop https t co g2Nnr4MRyD Bitcoin ETH Citi AON LATOKEN",1832,Not_relevant
"1563,DudhiaKrupen Sign up and get your 10 new user bonus Chance to win crypto with regular airdrops and events Logged into the world s best crypto exchange https t co JPQC93w0Q1 bitcoin btc airdrop airdrops blockchain crypto cryptocurrency ethereum eth xrp",1841,Not_relevant
"2033,RT trylolli it s ALWAYS a good time to earn bitcoin",1862,Relevant
"943,I just joined this 25k Crypto giveaway by JRNYcrypto and sparkpointio Get daily entries to increase your chances of winning 25 random winners of 1k each Bitcoin Crypto BTC ETH SRK https t co 2z7ej478cL",1874,Not_relevant
"283,https t co NVa3nEoqhD btc bitcoin cryptocurrency jpy",1879,Not_relevant
"2171,No need to spend your own money to trade cryptocurrency Over 10K users won crypto rewards on latokens last week It s the best way to join the financial revolution Start by earning a share of 100K in CLIQ airdrop https t co qCE7VidvGm Bitcoin ETH Citi AON LATOKEN",188,Not_relevant
"335,RT investments ceo ATTENTION I m doing another 50 giveaway This will last 72 Hours How To Enter FOLLOW LIKE COMMENT amp RET",1885,Not_relevant
"401,cz binance Where is my bitcoin",1901,Relevant
"2170,For Free Money is ethereum in exchange for bitcoin sign up on https t co tN9Nct1em2 https t co Yh4NliofnF https t co gvCpviErcM https t co eyoEJmXCgP as receiving bitcoin address earn withdraw money in bank account and more ways https t co 5xkiNimvz1",1902,Not_relevant
"2589,AHMEDRA62997653 lidiabussiman holman Elon Musk has been causing a lot of pain to Tesla s investors For how long Elon Musk will continue on inflicting pain to Tesla s investors Elon get rid of Bitcoin today And investors around the world will do the cheer up dance Jerusalem for you and Tesla",1914,Relevant
"2623,desi jdc t2theionno Elon Musk has been causing a lot of pain to Tesla s investors For how long Elon Musk will continue on inflicting pain to Tesla s investors Elon get rid of Bitcoin today And investors around the world will do the cheer up dance Jerusalem for you and Tesla",1921,Relevant
"2667,RT Cointelegraph MicroStrategy now holds 91 064 Bitcoin on its balance sheet Why has their stock slid nearly 50 in the past two weeks",193,Relevant
"2637,crazydeli11 Damodigital TheMoonCarl cz binance Elon Musk has been causing a lot of pain to Tesla s investors For how long Elon Musk will continue on inflicting pain to Tesla s investors Elon get rid of Bitcoin today And investors around the world will do the cheer up dance Jerusalem for you and Tesla",1940,Relevant
"1230,If you re considering crypto now do check out the latokens app on PlayStore amp AppStore Clean interface and pretty high rated You can also earn free crypto in the GHD giveaway https t co VWKVVwd36y doge cryptocurrency Bitcoin LATOKEN LatokenApp",1954,Not_relevant
"2214,If you re considering crypto now do check out the latokens app on PlayStore amp AppStore Clean interface and pretty high rated You can also earn free crypto in the GHD giveaway https t co hPV0AdkTHE doge cryptocurrency Bitcoin LATOKEN LatokenApp",1976,Not_relevant
"2475,If you re considering crypto now do check out the latokens app on PlayStore amp AppStore Clean interface and pretty high rated You can also earn free crypto in the ZIL giveaway https t co OdDCBsmeeP LatokenGiveaway LatokenApp Bitcoin",1986,Not_relevant
"437,If you re considering crypto now do check out the latokens app on PlayStore amp AppStore Clean interface and pretty high rated You can also earn free crypto in the ZIL giveaway https t co kCSxpJmDu6 LatokenGiveaway LatokenApp Bitcoin",1999,Not_relevant
"2410,The future of crypto investment is here tradingroom bitcoin bitcoinmining bitcointrading investment investing invest investors investor investments bitcoininvestment https t co YOKjlF77iV",2013,Not_relevant
"2227,How to Transfer Bitcoin to PayPal Instantly Sell Bitcoin for PayPal https t co omdH3uIEZB via YouTube",2020,Not_relevant
"410,RT whale alert 11 534 BTC 567 226 614 USD transferred from unknown wallet to unknown wallet Tx https t co rns",2026,Relevant
"2400,frogghie Primero268 SomePaleGamer Elon Musk has been causing a lot of pain to Tesla s investors For how long Elon Musk will continue on inflicting pain to Tesla s investors Elon get rid of Bitcoin today And investors around the world will do the cheer up dance Jerusalem for you and Tesla",2040,Relevant
"519,RT JoshRoomsburg Meet XinFin Enterprise Hybrid Blockchain CryptoGiveaway Win 100 in XDC TRX or BTC 2 Winners 50 each",2045,Not_relevant
"1978,maxheds RaoulGMI CaitlinLong Now I will wait for the price of bitcoin to rise to 100 000",2046,Relevant
"1152,RT FrDesposito A new way to help MHTSeminary Send us Bitcoin to bc1q2e30s56qxkv284csfrvr5d7r9g0k09rwyyhfpe bitcoins",205,Not_relevant
"1082,RT scottmelker Institutions aren t buying Bitcoin as a hedge against their cash reserves only to sell a few months later They re her",2066,Relevant
"2029,RT latokens Earn a share of 500K CT coins on LATOKEN Join the CliqToken Airdrop and complete easy social tasks to earn rewards",2067,Not_relevant
"741,RT iamZatoshi BITCOIN SV GIVEAWAY 24 Hours 2 People 50 in BSV each Follow me Retweet Like Good Luck Z https",2088,Not_relevant
"738,RT pete rizzo My first forbes article has hit the homepage The message is clear Publish intelligent Bitcoin content Bitcoiners wi",209,Relevant
"2427,Emil11251241 Elon Musk has been causing a lot of pain to Tesla s investors For how long Elon Musk will continue on inflicting pain to Tesla s investors Elon get rid of Bitcoin today And investors around the world will do the cheer up dance Jerusalem for you and Tesla",2091,Relevant
"1147,not only daily and weekly bonuses we got monthly too At https t co 9JmjDEsjGO cryptocurrency win lasvegas gambling trx slots bitcoin blackjack free doge btc casino betting dogecoin poker litecoin eth https t co HtBr8GYHSZ",2092,Not_relevant
"1512,Read my Mar 5 Newsletter featuring MicroStrategy Acquires Additional 10 Million in Bitcoin at Average Price https t co 6mlZKTzhgs",2109,Not_relevant
"1181,RT 100trillionUSD bitcoin went from 10K in Oct to 50K in Feb Do you realize that if we do that same 5x in 5 months then BTC is 250K",2116,Relevant
"1136,The secret is out don t you get left out Buy OXT Orchid s dVPN is in full bloom in 17 days OrchidMarket Snowden BTC ETH LTC BNB LINK BCH XLM AAVE UNI EOS SNX ATOM XTZ MKR COMP FIL UMA DASH GRT ZEC ETC ZRX YFI LRC ALGO CELO KNC XRP DOT Bitcoin https t co HhXyAJHaud",2117,Not_relevant
"1323,Gold bugs don t have rights But you too have the right to buy bitcoin https t co gtuCyAswxk",2127,Relevant
"1818,It s the opposite of when a government prints money and the value of existing money goes down Bitcoin https t co zrCPTndEc2",2130,Relevant
"1992,RT Cardanians io FD7 Ventures dumped 380M worth of Bitcoin and completes the purchase of Cardano Are you asking why Cardano and P",2132,Relevant
"1558,If you re considering cryptocurrency start with latokens Participate easily in airdrops amp giveaways on LATOKEN to earn free crypto Their app is pretty awesome too Start by participating in the ZIL giveaway https t co RNQCEo40Kz dogecoin LatokenApp Bitcoin",2133,Not_relevant
"1815,Masandawana For all those who are new to this working from home Bitcoin trading options Here s a little tip Get a trusted Bitcoin expert and stick to him johnteddy63 Invest and play at similar times each day Because In times of chaos your investment is your anchor to success",2136,Relevant
"345,RT iamZatoshi BITCOIN SV GIVEAWAY 24 Hours 2 People 50 in BSV each Follow me Retweet Like Good Luck Z https",214,Not_relevant
"1301,RT RaymondStender I hope that your stacking Bitcoin now to be rewarded later Long Bitcoin Short the dollar https t co 64r1ess29x",2140,Relevant
"982,Thembalihle KwestaDaKAR Honestly i never thought to earn as much as have earn now Though i don t know the trading process at first Wilhelmdenni thought me steps to earn from Bitcoin trading have been earning massively trading with Mr wilhelmdenni Get your BTC and DM the account manager Wilhelmdenni",2148,Relevant
"902,RT shortthebanks Want a chance to win 50 in Bitcoin Just retweet and tag someone to enter 1 Winner will be picked in 7 days solar",2153,Not_relevant
"306,https t co mnt5w0q52A",2180,Not_relevant
"1257,Bitcoin de hafta sonlar ya anan b y k dalgalanmalar n sebebi nedir BTC d e ge ti i an di er cyripto lar neden d e ge iyor zellikle Cumartesi gecesi yat r mc i in neden risklidir ethereum rippel CardanoADA XLM cokgezengurme blacksea https t co LZnsA4U9g0",2204,Not_relevant
"1091,lost too much in trading no worries play and recover at https t co 9JmjDEaIPg cryptocurrency win lasvegas gambling trx slots bitcoin blackjack free doge btc casino betting dogecoin poker litecoin eth https t co XCN3DqFGb7",2212,Not_relevant
"1874,RT gregory raymond En 2021 le bitcoin est en train de passer d un d actif risque sp culatif vers une r serve de valeur num rique mon",2218,Not_relevant
"131,RT martinlazarte17 SORTEO POR LAS MONEDAS DE BITCOIN BTC 10 GANADORES Para participar sigue estos pasos 1 S gueme martinlazar",2231,Not_relevant
"1316,3 5 12 102 3 6 1 108 41 1 311 EEX 10 60 bitcoin",2260,Not_relevant
"1578,Tags Gcash giveaway ga paypal bitcoin unsealed album ww ph Philippines bts loona exo seventeen nct blackpink red velvet twice sealed lightstick ls album of your choice free money",2263,Not_relevant
"1345,If you re considering cryptocurrency start with latokens Participate easily in airdrops amp giveaways on LATOKEN to earn free crypto Their app is pretty awesome too Start by participating in the ZIL giveaway https t co vL1n7fqdBc dogecoin LatokenApp Bitcoin",2264,Not_relevant
"1270,RT iamZatoshi BITCOIN SV GIVEAWAY 24 Hours 2 People 50 in BSV each Follow me Retweet Like Good Luck Z https",2277,Not_relevant
"1352,SenSherrodBrown Let s face it China is leaps and bounds ahead of USA when it comes to technology adoption and the army of graduates who specialize in Technology USD is on it s way out and it has already served it s purpose Now is a time to transition to Bitcoin Standard",229,Relevant
"745,RT jimmysong Keynesian mindset money is for spending method of payment therefore fiat altcoins are superior Austrian mindset money is",2295,Not_relevant
"354,RT ImDanielAlvarez Cryptocurrency hedge fund BKCoinCapital evolving arbitrage strategy soars amid Bitcoin surge BetancourtBKC He",2297,Relevant
"2578,RT latokens Earn a share of 500K CT coins on LATOKEN Join the CliqToken Airdrop and complete easy social tasks to earn rewards",2304,Not_relevant
"520,RT Money earn Fi KYFI Airdrop 1 KYFI 300 USD For Completing the tasks Get 0 1 KYFI 30 For Each Valid Refer Get 0 05 KYFI",2305,Not_relevant
"130,No need to spend your own money to trade cryptocurrency Over 10K users won crypto rewards on latokens last week It s the best way to join the financial revolution Start by earning a share of 100K in CLIQ airdrop https t co iuKviDSqYq Bitcoin ETH Citi AON LATOKEN",2309,Not_relevant
"1457,RT eeearttrae A mi Bitcoin si me cambio la vida",2313,Not_relevant
"2478,RT jimmyzhong iost The key to realizing the Internet of Value lies in cross chain technology We are excited to be integrating with Polk",2316,Relevant
"882,ewnupdates Bitcoin is real only when you meet the right account manager to instruct you and guide you Since I met Jasonmac101 my life has really turn around because of his skills in investing bitcoin with an original broker now I can afford what I couldn t few months ago",2318,Relevant
"539,1 Bitcoin price is 48490 64 0 03 1h 2 Ethereum price is 1530 19 0 05 1h 3 Tether price is 1 00 0 01 1h 4 Cardano price is 1 13 1 63 1h 5 Binance Coin price is 223 76 0 75 1h 15 Dogecoin price is 0 05 0 13 1h",2323,Not_relevant
"1939,If you re considering crypto now do check out the latokens app on PlayStore amp AppStore Clean interface and pretty high rated You can also earn free crypto in the ZIL giveaway https t co gbzmhQGTkE LatokenGiveaway LatokenApp Bitcoin",2333,Not_relevant
"848,Look what I just discovered on opensea nft opensea https t co Au2mbrCX7N Bitcoin",2346,Not_relevant
"1381,RT stealthtraderx Which is the most decentralized blockchain in the world Bitcoin BTC ADA EOS TLOS Not financial or investme",2347,Relevant
"1464,RT iamZatoshi BITCOIN SV GIVEAWAY 24 Hours 2 People 50 in BSV each Follow me Retweet Like Good Luck Z https",2359,Not_relevant
"312,RT Scarlett vfx Link for real this time sorry y all https t co AlZmhkgLXi rarible ethereum nonfungible digitalasset nft nfta",2360,Not_relevant
"1478,IRS Answers Critical Question on Bitcoin and Crypto Tax Reporting for US Citizens https t co G1wiaMrXdP",2364,Not_relevant
"1878,PeterSchiff That s because they have some correlation with Bitcoin price fluctuations They might be in bear territory but Bitcoin isn t This will be short lived https t co 7AoilZZQWP",2376,Relevant
"734,RT JRNYcrypto THE CRYPTO GIVEAWAY CONTEST IS NOW LIVE 25K IN CRYPTO PRIZES Prizes 10 winners of 1000 of ETH 15 winners",2378,Not_relevant
"1125,RT sthenc Ignore NFTs until they re built on Bitcoin and until hyperbitcoinization Until then just buy more bitcoin",2381,Not_relevant
"666,ALMS 14 hsumacher Elon Musk has been causing a lot of pain to Tesla s investors For how long Elon Musk will continue on inflicting pain to Tesla s investors Elon get rid of Bitcoin today And investors around the world will do the cheer up dance Jerusalem for you and Tesla",2386,Relevant
"2004,TimesLIVE Honestly i never thought to earn as much as have earn now Though i don t know the trading process at first Wilhelmdenni thought me steps to earn from Bitcoin trading have been earning massively trading with Mr wilhelmdenni Get your BTC and DM the account manager Wilhelmdenni",2389,Not_relevant
"2032,RT JesseKatz16 Find the best Bitcoin Trading Brokers Bitcoin Trading Bonus Bitcoin Trading Signals Bitcoin Trading Strategies Bitcoin",239,Not_relevant
"1435,RT iamZatoshi BITCOIN SV GIVEAWAY 24 Hours 2 People 50 in BSV each Follow me Retweet Like Good Luck Z https",2390,Not_relevant
"834,RT iamZatoshi BITCOIN SV GIVEAWAY 24 Hours 2 People 50 in BSV each Follow me Retweet Like Good Luck Z https",2396,Not_relevant
"2232,gazette drouot martiRD KapandjiM a veut dire quoi saisir des bitcoin C est pas immat riel",2418,Not_relevant
"991,Never feel starved of security Try BITCOIN for 12 weeks for just 12",2422,Not_relevant
"2599,RT DocumentEther Energy consumption of Eth2 PoS is 0 002 of Bitcoin Mining s energy consumption",2429,Not_relevant
"555,FOUR20Finance Tg nyambex 0x1D0cb2681e804086cDc2F10f5044aD4E73635c0F BSC defi definews newproject Bitcoin BNB Binance SmartContracts",2432,Not_relevant
"112,RT DocumentEther Energy consumption of Eth2 PoS is 0 002 of Bitcoin Mining s energy consumption",2444,Relevant
"117,RT danheld Gold is extremely hard to verify Bitcoin can be verified by anyone with an average laptop Read more on why Bitcoin is be",2445,Relevant
"962,rianfelipe05 chamath Thank you I am eternally grateful now I hope that bitcoin will grow even more and I will become a millionaire",2446,Relevant
"1573,RT LithereumTRC20 CONGRATS Lithereum LTH token s official Airdrop Round 2 is started Join Now https t co 1XwazST5nx Lithereum",245,Not_relevant
"2294,Chandan8917 TrumpetDan Elon Musk has been causing a lot of pain to Tesla s investors For how long Elon Musk will continue on inflicting pain to Tesla s investors Elon get rid of Bitcoin today And investors around the world will do the cheer up dance Jerusalem for you and Tesla",2454,Not_relevant
"1659,Masandawana coach rulani For all those who are new to this working from home Bitcoin trading options Here s a little tip Get a trusted Bitcoin expert and stick to him johnteddy63 Invest and play at similar times each day Because In times of chaos your investment is your anchor to success",2455,Not_relevant
"2051,kaygusuz ezgi TrumpetDan Elon Musk has been causing a lot of pain to Tesla s investors For how long Elon Musk will continue on inflicting pain to Tesla s investors Elon get rid of Bitcoin today And investors around the world will do the cheer up dance Jerusalem for you and Tesla",2456,Relevant
"1850,SXP Will explode sooner than you think Bitcoin",2459,Relevant
"1127,RT alex moon89 It s Friday So who wants some bitcoin follow me retweet drop your handcashapp handle BSV",2462,Relevant
"1829,RT mainakTdas Innovation is not always liked in its early stage bitcoin innovation IndiaWantsCrypto https t co IvZjgXIRg6",2472,Relevant
"967,RT CarlasMistress VERIFICATION Video in Spanish Tribute methods PayPal Venmo BITCOIN Amazon gc Cashapp findom paypig wall",2476,Not_relevant
"2397,Lakewood678 Toazt Elon Musk has been causing a lot of pain to Tesla s investors For how long Elon Musk will continue on inflicting pain to Tesla s investors Elon get rid of Bitcoin today And investors around the world will do the cheer up dance Jerusalem for you and Tesla",2493,Relevant
"608,https t co ZhFExHFCi0 FREE 10 in bitcoin Best fees easiest set up quickest support Start your bitcoin journey here and they offer automatic purchasing withdrawals instant purchases and wire transfer for bigger purchases Plan for the future",250,Not_relevant
"934,BNB If the 2h candle closes below 230 then neckline confirmation will take place and it might go below 200 level Checkout the link in bio for crypto signals EDG DREP REP TRUE bitcoin TROY 39166 https t co MT6r72osm6",251,Relevant
"1290,lenadrofranci Na minha opini o voc pode pular os itens 1 3 6 e 7 que ele fala sobre as ideias e as possibilidades do bitcoin o resto at onde eu vi compensa bastante ver porque em alguns al m dele explicar a funcionalidade ele menciona alguns impactos das ideias de outros videos",2510,Not_relevant
"2316,henryngure kimpaquette Elon Musk has been causing a lot of pain to Tesla s investors For how long Elon Musk will continue on inflicting pain to Tesla s investors Elon get rid of Bitcoin today And investors around the world will do the cheer up dance Jerusalem for you and Tesla",2524,Relevant
"1363,RT EduardoLakatos Lilian liliantintori aceptas Bitcoin",2527,Relevant
"2585,Some stocks appear to be moving in one direction only But mostly not forever https t co sOosINkDsN",2530,Relevant
"85,No need to spend your own money to trade cryptocurrency Over 10K users won crypto rewards on latokens last week It s the best way to join the financial revolution Start by earning a share of 100K in CLIQ airdrop https t co jMGicvlAJD Bitcoin ETH Citi AON LATOKEN",2538,Not_relevant
"620,MXC Will List Bondly BONDLY and Launch the 36th Session MX DeFi https t co g01dSfk9Gr DeFi MxDeFi Bitcoin Staking https t co Bv9Q8il6Q7",254,Not_relevant
"420,RT AlexPickard Tesla is down about 35 since announcing they bought bitcoin Few observers are better qualified than Alex Pickard to a",2544,Relevant
"21,RT MoveMaker Again When Bitcoin hits 100K don t say I didn t tell you lmfao Just get in and enjoy the ride",2557,Relevant
"2490,RT Bloqport Bloomberg has released its March 2021 report on Bitcoin BTC replacing gold in portfolios is accelerating Bitcoin in 20",2566,Relevant
"2442,RT BTC Archive The process of Bitcoin replacing gold in portfolios is accelerating Bloomberg",2569,Relevant
"2504,Davincij15 PeterSchiff And this man bought bitcoin at 1",2573,Relevant
"2046,RT RT com Will Bitcoin get to a 1mn target https t co 7eEivRYUXM",2596,Relevant
"2678,Bitcoin crosses 500K this decade Run the numbers",2603,Relevant
"1506,bitcoin",2627,Not_relevant
"2104,RT iamZatoshi BITCOIN SV GIVEAWAY 24 Hours 2 People 50 in BSV each Follow me Retweet Like Good Luck Z https",263,Not_relevant
"2661,SquishsWRLD programming doesn t use graphics card power and leaving ark and rocket league running isn t rendering anything new so ur gpu doesn t really get hit that hard but when it s mining bitcoin it s using 100 of ur gpu all the time causing the wattage use to go up a ton just tryna",2644,Relevant
"549,RT CoinMarketCap Ever since Tesla bought Bitcoin just under a month ago heated debates about crypto being a viable investment have kick",2645,Relevant
"2073,MatteoRuggeri15 snicker GloryDoge MattWallace888 Elon Musk has been causing a lot of pain to Tesla s investors For how long Elon Musk will continue on inflicting pain to Tesla s investors Elon get rid of Bitcoin today And investors around the world will do the cheer up dance Jerusalem for you and Tesla",2650,Relevant
"294,RT latokens LATOKEN zilliqa Giveaway 3 lucky winners to get 750 ZIL each Participant with most referrals gets assured 750 ZIL D",2679,Not_relevant
"257,BarbieBea6 Sign up and get your 10 new user bonus Chance to win crypto with regular airdrops and events Logged into the world s best crypto exchange https t co JPQC93w0Q1 bitcoin btc airdrop airdrops blockchain crypto cryptocurrency ethereum eth xrp",289,Not_relevant
"293,RT Money earn Fi KYFI Airdrop 1 KYFI 300 USD For Completing the tasks Get 0 1 KYFI 30 For Each Valid Refer Get 0 05 KYFI",29,Not_relevant
"260,Check out this huge Cryptocurrency Giveaway with over 25 000 Prizes by JRNYcrypto Bitcoin Ethereum Crypto https t co FYxqvJZZg6",298,Not_relevant
"1670,RT AskCryptoWealth Crypto Giveaway Competition WIN 50 worth of DOT To enter 1 Follow AskCryptoWealth amp DrCrypto47 amp decode",307,Not_relevant
"1686,Is Bitcoin a Ponzi scheme Pick your side in the latest Cointelegraph Crypto Duel https t co 5Szyw4Q7FG",324,Not_relevant
"2644,WOW I just spent 5 000 on Dogecoin billboards across the USA Check out my video https t co 8yLfyES2l6 Dogecoin ElonMusk doge Gamestop Amc ethereum Bitcoin DogeArmy https t co 70XiFOkAGw",326,Not_relevant
"932,RT ChurchOfPumps bitcoin was a testnet for doge",330,Relevant
"899,This article is garbage in several ways Now do fiat money dude https t co I2UuVstdBP",333,Relevant
"115,Les traders pensent que le prix du Bitcoin pourrait continuer se n gocier lat ralement pour le moment https t co XywzQ8pRO1",339,Not_relevant
"969,RT cryptunez DOGE is bitcoin for zoomers",344,Not_relevant
"1419,elonmusk Bitcoin is an anagram for bit icon",345,Relevant
"2129,RT PeterSchiff If Bitcoin is the solution to every problem why is every major company associated with Bitcoin now in a bear market Tes",350,Relevant
"2648,RT michael saylor MicroStrategy has purchased an additional 205 bitcoins for 10 0 million in cash at an average price of 48 888 per",36,Relevant
"1211,RT iamZatoshi BITCOIN SV GIVEAWAY 24 Hours 2 People 50 in BSV each Follow me Retweet Like Good Luck Z https",367,Not_relevant
"2118,Good morning BET1 AND WIN this was the late game I bought from you yesterday Am here to testify once again all thanks to you sir God bless you for this win Bitcoin Davido 1DON silversports WandaVisionFinale wakenbake TheOne TheOneAlbum Darrich Broo Nigeria https t co HwDHpxdYqO",372,Not_relevant
"51,Bitcoin lightning https t co aBWnEBvJb3",390,Not_relevant
"2556,rj natty Sign up and get your 10 new user bonus Chance to win crypto with regular airdrops and events Logged into the world s best crypto exchange https t co JPQC93w0Q1 bitcoin btc airdrop airdrops blockchain crypto cryptocurrency ethereum eth xrp",427,Not_relevant
"2619,Cointelegraph pierre rochard JorgeStolfi Nocoiners will always say that bitcoin is ponzi",429,Relevant
"1707,RT MrBeast In 24 hours I m going to give one random person that retweets this tweet 10 000 in Bitcoin Yup gonna experiment with this",43,Relevant
"861,RT DomainkingKunal https t co HBkZ921JPK Premium Domainname ForSale sedo Libonomy libonomy app cryptocurrency bitcoinify ap",481,Not_relevant
"1374,https t co CZvWiEBbVe Building approval process in salesforce part 1 1 Bitcoin NPTEL swayam IIT IISc Exams salesforceapex salesforceexam SalesforceApex Salesforce Training Certification Placement HowTo certification Byju s",49,Not_relevant
"1216,maximum level up bonus is 5000 in btc or any currency NO KIDDING check out https t co 9JmjDEaIPg cryptocurrency win lasvegas gambling trx slots bitcoin blackjack free doge btc casino betting dogecoin poker litecoin eth https t co k2LzGuFH2U",505,Not_relevant
"1721,Waiting for KAVA USDT to reach 4 2 Already entered at 3 9 CryptoNews BTC cryptocurrencies Bitcoin Kava USDT",511,Not_relevant
"1355,I calculated Cardano could go up 6 17 at most in the next 24h Dave Bitcoin Altcoins crypto cryptocurrency blockchain cryptotrading ada cardano bullish buy",514,Relevant
"1110,1 Bitcoin price is 48321 51 0 79 1h 2 Ethereum price is 1526 17 0 61 1h 3 Tether price is 1 00 0 02 1h 4 Cardano price is 1 13 2 23 1h 5 Binance Coin price is 222 88 1 13 1h 15 Dogecoin price is 0 05 3 42 1h",522,Not_relevant
"368,Bitcoin Market report 06 03 2021 11 00 23 https t co sfyxT8d8ha",527,Not_relevant
"2393,RT SCryptoschool agatkn Decentralized Bitcoin mining protocol Allows for a fixed supply token that offers a very high predictable",529,Relevant
"2500,RT FrankLambeek PRCY PRCY PRCYcoin Coinsbit staking pool https t co 27aetJHZTs 1 7 50 after 30 days 2 Accrual daily",549,Not_relevant
"2620,RT ComBkex New Listing BKEX will list PERL PerlinNetwork Trading pair PERL USDT Trading time 20 30 on Mar 6 UTC 8",557,Not_relevant
"2374,atherton15 Callux Elon Musk has been causing a lot of pain to Tesla s investors For how long Elon Musk will continue on inflicting pain to Tesla s investors Elon get rid of Bitcoin today And investors around the world will do the cheer up dance Jerusalem for you and Tesla",558,Relevant
"698,RT Crypto Raver Federal prosecutors accused antivirus software company founder John McAfee and his associate of orchestrating a fraudul",559,Relevant
"154,RT 100trillionUSD bitcoin went from 10K in Oct to 50K in Feb Do you realize that if we do that same 5x in 5 months then BTC is 250K",573,Relevant
"787,elonmusk When is doge coin going up to bitcoin levels Asking for a friend",578,Relevant
"341,RT latokens LATOKEN zilliqa Giveaway 3 lucky winners to get 750 ZIL each Participant with most referrals gets assured 750 ZIL D",594,Not_relevant
"1665,RT latokens LATOKEN zilliqa Giveaway 3 lucky winners to get 750 ZIL each Participant with most referrals gets assured 750 ZIL D",599,Not_relevant
"1551,I know it sounds like some sort of promotion CashApp s Bitcoin boost is better than Fold or Lolli it s not always available and it only makes sense if you spend enough in a single transaction to get the maximum Great way to get friends to start holding Bitcoin https t co xd83GIJrfi",601,Relevant
"259,RT PaisAdorni Es hora de comprar Bitcoin https t co sbaL00OxXe",606,Not_relevant
"133,AlphaDigital10 francispouliot Nobody owns enough Bitcoin",608,Relevant
"1946,Chickoo69678695 Sign up and get your 10 new user bonus Chance to win crypto with regular airdrops and events Logged into the world s best crypto exchange https t co JPQC93w0Q1 bitcoin btc airdrop airdrops blockchain crypto cryptocurrency ethereum eth xrp",610,Not_relevant
"2074,RT CryptKeeperBTT CryptKeeper s Bitcoin Giveaway Weekend I m giving out 100 000 Satoshis to 3 loyal followers Please retweet a",615,Not_relevant
"2664,RT pixelatedboat The reason Bitcoin wastes so much electricity is its inefficient decentralised design Its users should instead consider",620,Relevant
"1250,CryptosR Us cryptoquant com glassnode Anybody have any idea why Glassnode and CryptoQuant are displaying vastly different results for the same metric Exchange NET flow Glass says down CQ says up Bitcoin Bitboy Crypto https t co uhttih71kQ",621,Not_relevant
"1510,RT Mario Gibney If journalists wrote about the dollar the same way they write about bitcoin https t co dQubqzQDaf",628,Relevant
"1980,AOC BITCOIN INVESTMENT community https t co icdXsNKlca",633,Not_relevant
"793,APompliano But you can only pay with Bitcoin or ethereum",643,Relevant
"600,yashdeep369 LayahHeilpern Stacking 100 Bitcoin gt Stacking Sats https t co gB7v4SIo2U",656,Not_relevant
"1035,RT KoroushAK Michael Saylor talks to 1400 companies about BTC and now we have 200m inflows into exchanges bitcoin is going over 40",661,Relevant
"93,RT iamZatoshi BITCOIN SV GIVEAWAY 24 Hours 2 People 50 in BSV each Follow me Retweet Like Good Luck Z https",683,Not_relevant
"2416,Kh ng bi t n bao gi b c Michael Saylor n y m i ch u d ng tay https t co e37WBaIRFB Bitcoin MicroStrategy",689,Not_relevant
"429,RT latokens Earn a share of 500K CT coins on LATOKEN Join the CliqToken Airdrop and complete easy social tasks to earn rewards",701,Not_relevant
"2389,RizaldiStar arlin422 crudegusher Elon Musk has been causing a lot of pain to Tesla s investors For how long Elon Musk will continue on inflicting pain to Tesla s investors Elon get rid of Bitcoin today And investors around the world will do the cheer up dance Jerusalem for you and Tesla",705,Relevant
"1264,win over 50 in btc every saturday at https t co 9JmjDEsjGO cryptocurrency win lasvegas gambling trx slots bitcoin blackjack free doge btc casino betting dogecoin poker litecoin eth https t co Ef14Lp1JPB",706,Not_relevant
"1954,RT NitroExOfficial Join the competition on NTX NetBuy Volumes and share 7 500 000 NTX as rewards https t co qqsTFFTHrE NitroEx",709,Not_relevant
"35,If you re considering cryptocurrency start with latokens Participate easily in airdrops amp giveaways on LATOKEN to earn free crypto Their app is pretty awesome too Start by participating in the ZIL giveaway https t co U1PD4QwcCX dogecoin LatokenApp Bitcoin",71,Not_relevant
"140,How to get a share of 30K worth of FREE Coin for free Join latokens FREE Coin Airdrop complete easy social tasks and earn an assured reward KYC not needed if you ve installed LatokenApp Earn now https t co YUEs8Bink3 cryptocurrency tesla bitcoin LATOKEN",723,Not_relevant
"925,RT cryptoWZRD XRP Daily Technical Outlook Both XRP and XRPBTC closed with an inside bar today We should get a bullish breakout from h",731,Relevant
"118,RT Mario Gibney If journalists wrote about the dollar the same way they write about bitcoin https t co dQubqzQDaf",74,Relevant
"2289,Baba wetin happen bitcoin don drop https t co oKIh0c8RZG",740,Relevant
"1870,You have heard about Bitcoin and TSLA but missed your chance anon Mmm do not worry sir I got you covered White paper will be released next week I got my team ready Only need a small amount of 100M and the token launch shall be successful https t co l7ffhENdQe",742,Relevant
"456,RT McbrToken We are now over 10 000 members strong community on Twitter We would like to thank you all for the immense love and suppo",754,Relevant
"1337,RT N8twon Thanks bitcoin https t co CLzSsQPk8i",759,Not_relevant
"862,Lobbo74 arlin422 MFrunker Elon Musk has been causing a lot of pain to Tesla s investors For how long Elon Musk will continue on inflicting pain to Tesla s investors Elon get rid of Bitcoin today And investors around the world will do the cheer up dance Jerusalem for you and Tesla",76,Relevant
"626,VrtzDzn ADVICE Start an account with BlockFi then buy Bitcoin that s it",764,Relevant
"547,RT Hinshelwood S Cryptocurrency Bitcoin ATM What You Need To Know https t co UAielcCNbS Cryptocurrency BitcoinATM",767,Not_relevant
"2653,RT latokens LATOKEN zilliqa Giveaway 3 lucky winners to get 750 ZIL each Participant with most referrals gets assured 750 ZIL D",770,Not_relevant
"1116,I just joined this 25k Crypto giveaway by JRNYcrypto and sparkpointio Get daily entries to increase your chances of winning 25 random winners of 1k each Bitcoin Crypto BTC ETH SRK https t co 3wATLPuQ1O",78,Not_relevant
"1836,RT michael saylor Know what you own and know why you own it Peter Lynch on Bitcoin",786,Relevant
"1517,The price of WrappedBitcoin is currently 48 650 17 Crypto WBTC WBTC https t co p9NJkSNbeq",807,Relevant
"1261,Bitcoin Litecoin Monero DASH btc trade p2p Bitcoin BTC https t co f34lHggOFI",809,Not_relevant
"1233,bunch of bonuses in btc and many cryptocurrency register at https t co 9JmjDEaIPg cryptocurrency win lasvegas gambling trx slots bitcoin blackjack free doge btc casino betting dogecoin poker litecoin eth https t co YAPZ2fdI2z",828,Not_relevant
"2010,PinelixSwap This is a nice and profit making project PNL Bsc Binance Bitcoin Defi Definews Stafi Cake Pancakeswap paraswap Cryptonews 1INCH Polkadot Chainlink Uniswap Bakeryswap Compound DefiYielfProtocol Yield Farming Crypto CryptoNews ceyeb USA 2018",836,Not_relevant
"2228,RT Breedlove22 Value is what people want Everyone wants money that cannot be diluted Bitcoin is dilution proof money the most valuab",843,Relevant
"1851,Bitcoin and Ethereum Struggle Major Altcoins In Red https t co oNT9qGwtal",868,Relevant
"2263,RT btcecho Weder schwarz noch wei Wir brauchen mehr ehrliche Debatte ber Bitcoin kommentiert Davemeave adam tooze https t co W75",869,Not_relevant
"508,RT latokens LATOKEN giftedhandsGHD Giveaway 4 lucky winners to get 50K GHD each Participant with most invites gets assured 50K GHD",888,Not_relevant
"501,henry popescu Steve63051825 JeffBooth so now you have an issue of the scenario where everybody runs to adopt bitcoin rising interest rates bitcoin deflationary protcol HELL ON EARTH can never happen",891,Relevant
"629,RT btc icosahedron Thank You PeterSchiff Bitcoin https t co iGVmm97Kal",893,Not_relevant
"530,gulintguli digital mitt elonmusk Thanks for your support I have a special gift for you Visit www elon win com remove slashes doge btc eth bitcoin ethereum dogecoin",903,Not_relevant
"106,RT AirdropStario Moneyearn Finance Airdrop Task 0 1 KYFI 30 Referral 0 05 KYFI 15 Airdrop Lin",913,Not_relevant
"1533,RT Money earn Fi KYFI Airdrop 1 KYFI 300 USD For Completing the tasks Get 0 1 KYFI 30 For Each Valid Refer Get 0 05 KYFI",918,Not_relevant
"523,RT JeffriesDavid23 I m 16 I have saved hard and am a whole coiner I have and will NEVER sell Bitcoin",921,Relevant
"1272,get level up bonus of upto 50 only at https t co 9JmjDEsjGO cryptocurrency win lasvegas gambling trx slots bitcoin blackjack free doge btc casino betting dogecoin poker litecoin eth https t co njsdkX1Mcx",925,Not_relevant
"2469,RT Sukh Gakhal BTC Archive My bank isn t happy with my investment in Bitcoin",929,Not_relevant
"439,elonmusk Buy bitcoin",932,Relevant
"905,RT AltcoinDailyio The great mcuban could SET HIS PLAYERS UP FOR LIFE if he started paying a of their salary in bitcoin",941,Relevant
"707,itscryptomaker Cryptohxnter aliraja Hey mate want try win a lot bitcoin here https t co fOaX3vGN2T",955,Not_relevant
"2388,heard that epstien created bitcoin honestly it could make sense if it s true then rip bitcoin the internet is wild man",959,Relevant
"2361,RT ForbesCrypto Goldman Sachs new client survey on digital assets shows 22 of respondents expect the price of bitcoin to be over 100 0",96,Relevant
"167,RT anilsaidso Bitcoin is a gym for the mind",961,Relevant
"1397,How to get salesforcecertified https t co 3Wks3itJD7 5 Bitcoin NPTEL swayam IIT IISc Exams salesforceapex salesforceexam SalesforceApex Salesforce Training Certification Placemen",975,Not_relevant
"2337,alvaropipita20 EXPERIMENTVL NinjaSenpai5 its menieb Elon Musk has been causing a lot of pain to Tesla s investors For how long Elon Musk will continue on inflicting pain to Tesla s investors Elon get rid of Bitcoin today And investors around the world will do the cheer up dance Jerusalem for you and Tesla",976,Relevant
"2436,manthan18414159 venus47203379 lexfridman Elon Musk has been causing a lot of pain to Tesla s investors For how long Elon Musk will continue on inflicting pain to Tesla s investors Elon get rid of Bitcoin today And investors around the world will do the cheer up dance Jerusalem for you and Tesla",984,Not_relevant
"1037,live casino has multiple including blackjack baccarat and more only at https t co 9JmjDEsjGO cryptocurrency win lasvegas gambling trx slots bitcoin blackjack free doge btc casino betting dogecoin poker litecoin eth https t co jxf2eelb85",990,Not_relevant
